ip,port,country
85.26.146.170,80,RU
120.203.214.152,80,CN
117.59.217.228,80,CN
218.108.170.170,80,CN
218.108.170.171,82,CN
210.146.67.50,80,JP
218.108.170.169,82,CN
58.221.250.246,18186,CN
54.81.19.158,80,US
218.108.170.169,80,CN
218.108.170.168,82,CN
218.108.170.173,80,CN
188.121.63.235,80,NL
183.224.1.55,8080,CN
120.203.214.182,86,CN
61.50.245.163,8000,CN
221.182.101.152,8123,CN
218.108.170.163,80,CN
186.42.121.150,80,EC
218.108.170.171,80,CN
218.108.170.162,80,CN
218.108.168.68,82,CN
202.195.192.197,3128,CN
117.59.217.236,82,CN
218.108.170.168,80,CN
183.221.245.198,80,CN
196.203.2.130,8080,TN
183.221.245.207,80,CN